Item_info,Rate,Brand,T_rating,Price,Images
"Herb Pharm Eleuthero Root Liquid Glycerite for Energy and Stamina, Alcohol-Free Glycerite, 1 Fl Oz",4.7,the Herb Pharm Store,67,none,none
"Neotea Black Mochai(Black Field Bean), 250gm",2.6, Neotea,7,$19.99,['https://images-na.ssl-images-amazon.com/images/G/01/AmazonGlobal/AG_Consume_A4201._CB447115223_.png']
Cheerios 100% Whole Grain Oats 8.9 oz by General Mills,4.1, General Mills,70,none,none
BLUEBONNET NUTRITION ALPHA LIPOIC ACID 200 mg,4.7, BlueBonnet,13,none,none
Imperial Elixir Royal Ginseng for Women - 90 Capsules,5.0, Imperial Elixir,4,none,none
Pressure Positive Co. The Jacknobber II (Green),4.4, The Pressure Positive Co.,846,none,"['https://m.media-amazon.com/images/I/31jl7ogV-5L._SS36_.jpg', 'https://m.media-amazon.com/images/I/41RRJl0QZTL._SS36_.jpg', 'https://m.media-amazon.com/images/I/41z8lJqZHmL._SS36_.jpg', 'https://m.media-amazon.com/images/I/41viVHB8vsL._SS36_.jpg']"
YUVIKA Kalmegh | Chirayta Hara | Kirayata - Andrographis Paniculata (100 Grams),4.3,the Yuvika Store,22,none,none
OPTP Franklin Small Blue Textured Ball Set - LE9009,4.6,the OPTP Store,89,none,none
"Screamin Energy Ultra, Pre-Workout Energy Shot with Caffeine, L-Arginine AKG, Alpha GPC, and Ginseng, French Roast Caramel Coffee Flavor, 24 Count",4.6,the VITAL 4U Store,79,none,none
"Maxi Health Liquid Iron, Natural Fruit Punch, 8 Fl Oz",4.2,the Maxi Health Store,18,none,none
"Bobs Red Mill, Oatmeal, Maple Brown Sugar, 2.15 Oz",4.7,the Bob's Red Mill Store,"2,099",none,none
"Urban Platter Quinoa Breakfast Cereal, 500g",3.8, Urban Platter,11,$14.99,['https://images-na.ssl-images-amazon.com/images/G/01/AmazonGlobal/AG_Consume_A4201._CB447115223_.png']
"Bluebonnet Nutrition Super Quercetin Vegetable Capsules, Vitamin C Formula, Best for Seasonal & Immune Support, Non GMO, Gluten Free, Soy Free, Milk Free, Kosher, 60 Vegetable Capsules",4.8, Bluebonnet,176,none,['https://m.media-amazon.com/images/I/51UrOoHaAfL._SS100_.jpg']
"BioNutritional Power Crunch Bars Peanut Butter Creme, 16.8 Ounce (12 Count) (480G)",4.7, BioNutritional,340,none,none
YUVIKA Hadjod - Cissus Quadrangularis (200 Grams),none,the Yuvika Store,Brand,none,none
White Oats,4.2,the Quaker Store,74,none,none
"Zoneperfect Classic ZonePerfect Protein Bars, Dark Chocolate Almond, 12g of Protein, Nutrition Bars With Vitamins & Minerals, Great Taste Guaranteed, 12 Bars",4.6,the Zone Perfect Store,"2,823",none,none
Arya Farm Organic Fox Tail Millet 1kg (35.27 OZ ),3.8, Arya Farm,25,none,none
"Trudiet Barley Dalia 450g, , A Healthy Diet Solution",none, TRUDIET,Brand,none,none
"Nature's Way Premium Herbal Asian Ginseng, 1,120 mg per serving, 50 Capsules",4.6,the Nature's Way Store,66,none,none
"Cinnamon Toast Crunch Cereal, 12.2 oz Box",4.3, General Mills Cereal,131,none,none
"Jelly Belly Extreme Sport Beans, Caffeinated Jelly Beans, Assorted Flavors, 24 Pack, 1-oz Each",4.5,the Jelly Belly Store,429,none,none
"Conscious Food Amaranth Seeds, 500 gm",4.3, CONSCIOUS FOOD,18,none,none
"Pure Protein Bars, High Protein, Nutritious Snacks to Support Energy, Low Sugar, Gluten Free, Chocolate Peanut Butter, 1.76oz, 6 Pack",4.3,the Nature's Bounty Store,"11,917",none,none
"Chocolate Lucky Charms, Marshmallow Cereal with Unicorns, Whole Grain, 11 oz",4.6, Lucky Charms,82,$11.50,['https://images-na.ssl-images-amazon.com/images/G/01/AmazonGlobal/AG_Consume_A4201._CB447115223_.png']
"Power Crunch Triple Chocolate, Bar, 1.4 Ounce (12 Count)",4.6, Power Crunch,403,none,none
"Kellogg's Oats, 1kg",4.2, Kellogg's,"1,523",$39.28,['https://images-na.ssl-images-amazon.com/images/G/01/AmazonGlobal/AG_Consume_A4201._CB447115223_.png']
"Kellogg's Special K Protein Bars Coconut, Cocoa & Cashew 4x28g",4.0, Kellogg's,11,$20.87,['https://images-na.ssl-images-amazon.com/images/G/01/AmazonGlobal/AG_Consume_A4201._CB447115223_.png']
Bagrry's Crunchy Muesli Oat Clusters with Almonds Raisins and Honey 750 Gm Pouch Each (Pack of 2),4.4, Bagrry's,2,$29.49,['https://images-na.ssl-images-amazon.com/images/G/01/AmazonGlobal/AG_Consume_A4201._CB447115223_.png']
Healthy Buddha Organic Quinoa 500 GM (17.63 Oz),4.0, Healthy Buddha,7,$8.99,['https://images-na.ssl-images-amazon.com/images/G/01/AmazonGlobal/AG_Consume_A4201._CB447115223_.png']
"General Mills Lucky Charms Cereal, 11.5 Oz",4.3, Lucky Charms,204,none,none
"BlueBonnet Homocysteine Formula Supplement, 60 Count",5.0, BlueBonnet,1 rating,none,none
